year,date,cpi_new_vehicles,cpi_all_items
1947,1947-03-01,33.3,22
1947,1947-04-01,NA,22
1947,1947-05-01,NA,21.95
1947,1947-06-01,33.4,22.08
1947,1947-07-01,NA,22.23
1947,1947-08-01,NA,22.4
1947,1947-09-01,35.2,22.84
1947,1947-10-01,NA,22.91
1947,1947-11-01,35.5,23.06
1947,1947-12-01,35.5,23.41
1948,1948-01-01,NA,23.68
1948,1948-02-01,NA,23.67
1948,1948-03-01,35.7,23.5
1948,1948-04-01,NA,23.82
1948,1948-05-01,NA,24.01
1948,1948-06-01,35.7,24.15
1948,1948-07-01,NA,24.4
1948,1948-08-01,NA,24.43
1948,1948-09-01,39.6,24.36
1948,1948-10-01,NA,24.31
1948,1948-11-01,NA,24.16
1948,1948-12-01,39.6,24.05
1949,1949-01-01,NA,24.01
1949,1949-02-01,NA,23.91
1949,1949-03-01,40.8,23.91
1949,1949-04-01,NA,23.92
1949,1949-05-01,NA,23.91
1949,1949-06-01,40.9,23.92
1949,1949-07-01,NA,23.7
1949,1949-08-01,NA,23.7
1949,1949-09-01,41.2,23.75
1949,1949-10-01,NA,23.67
1949,1949-11-01,NA,23.7
1949,1949-12-01,41.2,23.61
1950,1950-01-01,NA,23.51
1950,1950-02-01,NA,23.61
1950,1950-03-01,41.2,23.64
1950,1950-04-01,NA,23.65
1950,1950-05-01,NA,23.77
1950,1950-06-01,41.2,23.88
1950,1950-07-01,NA,24.07
1950,1950-08-01,NA,24.2
1950,1950-09-01,41.2,24.34
1950,1950-10-01,NA,24.5
1950,1950-11-01,NA,24.6
1950,1950-12-01,41.3,24.98
1951,1951-01-01,NA,25.38
1951,1951-02-01,NA,25.83
1951,1951-03-01,42.3,25.88
1951,1951-04-01,NA,25.92
1951,1951-05-01,NA,25.99
1951,1951-06-01,42.4,25.93
1951,1951-07-01,NA,25.91
1951,1951-08-01,NA,25.86
1951,1951-09-01,43.7,26.03
1951,1951-10-01,NA,26.16
1951,1951-11-01,NA,26.32
1951,1951-12-01,45.3,26.47
1952,1952-01-01,NA,26.45
1952,1952-02-01,NA,26.41
1952,1952-03-01,46.8,26.39
1952,1952-04-01,NA,26.46
1952,1952-05-01,NA,26.47
1952,1952-06-01,46.8,26.53
1952,1952-07-01,NA,26.68
1952,1952-08-01,NA,26.69
1952,1952-09-01,47,26.63
1952,1952-10-01,NA,26.69
1952,1952-11-01,NA,26.69
1952,1952-12-01,47.3,26.71
1953,1953-01-01,47.3,26.64
1953,1953-02-01,47.4,26.59
1953,1953-03-01,47.3,26.63
1953,1953-04-01,47.2,26.69
1953,1953-05-01,47.3,26.7
1953,1953-06-01,47.3,26.77
1953,1953-07-01,47.3,26.79
1953,1953-08-01,47.3,26.85
1953,1953-09-01,47.3,26.89
1953,1953-10-01,47.4,26.95
1953,1953-11-01,47.4,26.85
1953,1953-12-01,46.5,26.87
1954,1954-01-01,48.6,26.94
1954,1954-02-01,47.9,26.99
1954,1954-03-01,47.6,26.93
1954,1954-04-01,47.9,26.86
1954,1954-05-01,48,26.93
1954,1954-06-01,47.7,26.94
1954,1954-07-01,44.6,26.86
1954,1954-08-01,44.5,26.85
1954,1954-09-01,43.9,26.81
1954,1954-10-01,42.6,26.72
1954,1954-11-01,47.7,26.78
1954,1954-12-01,47.1,26.77
1955,1955-01-01,46.6,26.77
1955,1955-02-01,46.3,26.82
1955,1955-03-01,45.8,26.79
1955,1955-04-01,44.2,26.79
1955,1955-05-01,44.2,26.77
1955,1955-06-01,44.6,26.71
1955,1955-07-01,43.8,26.76
1955,1955-08-01,43.1,26.72
1955,1955-09-01,42.2,26.85
1955,1955-10-01,44.4,26.82
1955,1955-11-01,47.3,26.88
1955,1955-12-01,46,26.87
1956,1956-01-01,45.3,26.83
1956,1956-02-01,45.3,26.86
1956,1956-03-01,45.6,26.89
1956,1956-04-01,45,26.93
1956,1956-05-01,45.1,27.03
1956,1956-06-01,45,27.15
1956,1956-07-01,44.8,27.29
1956,1956-08-01,44.8,27.31
1956,1956-09-01,44.4,27.35
1956,1956-10-01,49.1,27.51
1956,1956-11-01,49.7,27.51
1956,1956-12-01,49.6,27.63
1957,1957-01-01,49.3,27.67
1957,1957-02-01,49.1,27.8
1957,1957-03-01,48.7,27.86
1957,1957-04-01,48.7,27.93
1957,1957-05-01,48.3,28
1957,1957-06-01,47.9,28.11
1957,1957-07-01,47.5,28.19
1957,1957-08-01,47.4,28.28
1957,1957-09-01,46.8,28.32
1957,1957-10-01,46.4,28.32
1957,1957-11-01,51.8,28.41
1957,1957-12-01,50.6,28.47
1958,1958-01-01,49.8,28.64
1958,1958-02-01,49.8,28.7
1958,1958-03-01,49.5,28.87
1958,1958-04-01,49.2,28.94
1958,1958-05-01,49,28.94
1958,1958-06-01,49,28.91
1958,1958-07-01,49,28.89
1958,1958-08-01,48.9,28.94
1958,1958-09-01,48.7,28.91
1958,1958-10-01,50.7,28.91
1958,1958-11-01,54,28.95
1958,1958-12-01,53.7,28.97
1959,1959-01-01,52.8,29.01
1959,1959-02-01,52.4,29
1959,1959-03-01,52.4,28.97
1959,1959-04-01,52,28.98
1959,1959-05-01,52,29.04
1959,1959-06-01,51.8,29.11
1959,1959-07-01,51.4,29.15
1959,1959-08-01,51.1,29.18
1959,1959-09-01,50.5,29.25
1959,1959-10-01,52.9,29.35
1959,1959-11-01,54,29.35
1959,1959-12-01,53.6,29.41
1960,1960-01-01,52.9,29.37
1960,1960-02-01,52.5,29.41
1960,1960-03-01,51.8,29.41
1960,1960-04-01,51.8,29.54
1960,1960-05-01,51.6,29.57
1960,1960-06-01,51.1,29.61
1960,1960-07-01,51,29.55
1960,1960-08-01,50.7,29.61
1960,1960-09-01,49.5,29.61
1960,1960-10-01,51.8,29.75
1960,1960-11-01,52.1,29.78
1960,1960-12-01,52,29.81
1961,1961-01-01,52,29.84
1961,1961-02-01,51.6,29.84
1961,1961-03-01,51.7,29.84
1961,1961-04-01,51.5,29.81
1961,1961-05-01,51.3,29.84
1961,1961-06-01,51.2,29.84
1961,1961-07-01,51,29.92
1961,1961-08-01,51,29.94
1961,1961-09-01,50.7,29.98
1961,1961-10-01,52.3,29.98
1961,1961-11-01,52.3,29.98
1961,1961-12-01,52.1,30.01
1962,1962-01-01,52,30.04
1962,1962-02-01,51.5,30.11
1962,1962-03-01,51.5,30.17
1962,1962-04-01,51.4,30.21
1962,1962-05-01,51.2,30.24
1962,1962-06-01,51.1,30.21
1962,1962-07-01,50.9,30.22
1962,1962-08-01,50.8,30.28
1962,1962-09-01,50.5,30.42
1962,1962-10-01,51.6,30.38
1962,1962-11-01,52.2,30.38
1962,1962-12-01,51.6,30.38
1963,1963-01-01,51.4,30.44
1963,1963-02-01,51.2,30.48
1963,1963-03-01,51,30.51
1963,1963-04-01,50.9,30.48
1963,1963-05-01,50.9,30.51
1963,1963-06-01,50.9,30.61
1963,1963-07-01,50.5,30.69
1963,1963-08-01,50.4,30.75
1963,1963-09-01,50.2,30.72
1963,1963-10-01,51.9,30.75
1963,1963-11-01,51.9,30.78
1963,1963-12-01,51.4,30.88
1964,1964-01-01,51.5,30.94
1964,1964-02-01,51.4,30.91
1964,1964-03-01,51.2,30.94
1964,1964-04-01,51.1,30.95
1964,1964-05-01,50.9,30.98
1964,1964-06-01,50.7,31.01
1964,1964-07-01,50.6,31.02
1964,1964-08-01,50.2,31.05
1964,1964-09-01,49.6,31.08
1964,1964-10-01,51,31.12
1964,1964-11-01,51.6,31.21
1964,1964-12-01,51.1,31.25
1965,1965-01-01,51.1,31.28
1965,1965-02-01,50.8,31.28
1965,1965-03-01,50.7,31.31
1965,1965-04-01,50.7,31.38
1965,1965-05-01,50.4,31.48
1965,1965-06-01,49,31.61
1965,1965-07-01,48.9,31.58
1965,1965-08-01,48.9,31.55
1965,1965-09-01,48.6,31.62
1965,1965-10-01,49.2,31.65
1965,1965-11-01,49.6,31.75
1965,1965-12-01,49.6,31.85
1966,1966-01-01,49,31.88
1966,1966-02-01,48.9,32.08
1966,1966-03-01,48.9,32.18
1966,1966-04-01,49,32.28
1966,1966-05-01,48.8,32.35
1966,1966-06-01,48.7,32.38
1966,1966-07-01,48.7,32.45
1966,1966-08-01,48.2,32.65
1966,1966-09-01,47.5,32.75
1966,1966-10-01,49.5,32.85
1966,1966-11-01,49.9,32.88
1966,1966-12-01,49.6,32.92
1967,1967-01-01,49.1,32.9
1967,1967-02-01,49,33
1967,1967-03-01,48.9,33
1967,1967-04-01,48.8,33.1
1967,1967-05-01,48.8,33.1
1967,1967-06-01,48.7,33.3
1967,1967-07-01,48.8,33.4
1967,1967-08-01,48.8,33.5
1967,1967-09-01,48.4,33.6
1967,1967-10-01,50.9,33.7
1967,1967-11-01,51,33.9
1967,1967-12-01,51,34
1968,1968-01-01,50.8,34.1
1968,1968-02-01,50.7,34.2
1968,1968-03-01,50.6,34.3
1968,1968-04-01,50.4,34.4
1968,1968-05-01,50.4,34.5
1968,1968-06-01,50.3,34.7
1968,1968-07-01,50.2,34.9
1968,1968-08-01,49.8,35
1968,1968-09-01,49.5,35.1
1968,1968-10-01,51.7,35.3
1968,1968-11-01,52.2,35.4
1968,1968-12-01,51.7,35.6
1969,1969-01-01,51.5,35.7
1969,1969-02-01,51.5,35.8
1969,1969-03-01,51.5,36.1
1969,1969-04-01,51.3,36.3
1969,1969-05-01,51.2,36.4
1969,1969-06-01,51.2,36.6
1969,1969-07-01,51.1,36.8
1969,1969-08-01,50.8,36.9
1969,1969-09-01,50,37.1
1969,1969-10-01,52.4,37.3
1969,1969-11-01,52.9,37.5
1969,1969-12-01,52.8,37.7
1970,1970-01-01,52.7,37.9
1970,1970-02-01,52.6,38.1
1970,1970-03-01,52.5,38.3
1970,1970-04-01,52.5,38.5
1970,1970-05-01,52.4,38.6
1970,1970-06-01,52.2,38.8
1970,1970-07-01,52.2,38.9
1970,1970-08-01,52.1,39
1970,1970-09-01,51.9,39.2
1970,1970-10-01,54.7,39.4
1970,1970-11-01,55.5,39.6
1970,1970-12-01,56.3,39.8
1971,1971-01-01,56.9,39.9
1971,1971-02-01,56.8,39.9
1971,1971-03-01,56.4,40
1971,1971-04-01,56.2,40.1
1971,1971-05-01,56.2,40.3
1971,1971-06-01,56.2,40.5
1971,1971-07-01,56.2,40.6
1971,1971-08-01,53.9,40.7
1971,1971-09-01,52.1,40.8
1971,1971-10-01,53.8,40.9
1971,1971-11-01,54.1,41
1971,1971-12-01,54.5,41.1
1972,1972-01-01,55.4,41.2
1972,1972-02-01,55.2,41.4
1972,1972-03-01,55.1,41.4
1972,1972-04-01,55.1,41.5
1972,1972-05-01,55,41.6
1972,1972-06-01,54.9,41.7
1972,1972-07-01,54.8,41.8
1972,1972-08-01,54.6,41.9
1972,1972-09-01,54.1,42.1
1972,1972-10-01,54.3,42.2
1972,1972-11-01,54.4,42.4
1972,1972-12-01,54.6,42.5
1973,1973-01-01,54.8,42.7
1973,1973-02-01,54.8,43
1973,1973-03-01,54.7,43.4
1973,1973-04-01,54.8,43.7
1973,1973-05-01,54.8,43.9
1973,1973-06-01,54.8,44.2
1973,1973-07-01,54.7,44.2
1973,1973-08-01,54.6,45
1973,1973-09-01,53.8,45.2
1973,1973-10-01,55.2,45.6
1973,1973-11-01,55.4,45.9
1973,1973-12-01,55.3,46.3
1974,1974-01-01,55.7,46.8
1974,1974-02-01,55.6,47.3
1974,1974-03-01,55.7,47.8
1974,1974-04-01,55.9,48.1
1974,1974-05-01,56.6,48.6
1974,1974-06-01,57.4,49
1974,1974-07-01,58.2,49.3
1974,1974-08-01,58.3,49.9
1974,1974-09-01,58.4,50.6
1974,1974-10-01,61,51
1974,1974-11-01,61.4,51.5
1974,1974-12-01,61.6,51.9
1975,1975-01-01,60.9,52.3
1975,1975-02-01,61.4,52.6
1975,1975-03-01,62.8,52.8
1975,1975-04-01,62.9,53
1975,1975-05-01,62.6,53.1
1975,1975-06-01,62.7,53.5
1975,1975-07-01,62.5,54
1975,1975-08-01,62.6,54.2
1975,1975-09-01,62.4,54.6
1975,1975-10-01,64.1,54.9
1975,1975-11-01,64.8,55.3
1975,1975-12-01,66.1,55.6
1976,1976-01-01,66.2,55.8
1976,1976-02-01,66.3,55.9
1976,1976-03-01,66.4,56
1976,1976-04-01,66.3,56.1
1976,1976-05-01,66.4,56.4
1976,1976-06-01,66.4,56.7
1976,1976-07-01,66.3,57
1976,1976-08-01,66.3,57.3
1976,1976-09-01,66.2,57.6
1976,1976-10-01,68.6,57.9
1976,1976-11-01,68.9,58.1
1976,1976-12-01,69.3,58.4
1977,1977-01-01,69.6,58.7
1977,1977-02-01,69.4,59.3
1977,1977-03-01,69.5,59.6
1977,1977-04-01,69.4,60
1977,1977-05-01,69.8,60.2
1977,1977-06-01,69.9,60.5
1977,1977-07-01,69.9,60.8
1977,1977-08-01,69.9,61.1
1977,1977-09-01,69.6,61.3
1977,1977-10-01,71.9,61.6
1977,1977-11-01,73.1,62
1977,1977-12-01,74.3,62.3
1978,1978-01-01,74.5,62.7
1978,1978-02-01,74.6,63
1978,1978-03-01,74.6,63.4
1978,1978-04-01,74.6,63.9
1978,1978-05-01,75.3,64.5
1978,1978-06-01,75.8,65
1978,1978-07-01,75.9,65.5
1978,1978-08-01,75.9,65.9
1978,1978-09-01,75.8,66.5
1978,1978-10-01,76.7,67.1
1978,1978-11-01,78.2,67.5
1978,1978-12-01,78.9,67.9
1979,1979-01-01,79.6,68.5
1979,1979-02-01,80.1,69.2
1979,1979-03-01,80.3,69.9
1979,1979-04-01,81.1,70.6
1979,1979-05-01,81.8,71.4
1979,1979-06-01,82.1,72.2
1979,1979-07-01,82.3,73
1979,1979-08-01,82.2,73.7
1979,1979-09-01,82,74.4
1979,1979-10-01,82.7,75.2
1979,1979-11-01,84.2,76
1979,1979-12-01,84.7,76.9
1980,1980-01-01,85.8,78
1980,1980-02-01,86.5,79
1980,1980-03-01,86.4,80.1
1980,1980-04-01,87.3,80.9
1980,1980-05-01,88.3,81.7
1980,1980-06-01,88.1,82.5
1980,1980-07-01,88.4,82.6
1980,1980-08-01,89.4,83.2
1980,1980-09-01,89.7,83.9
1980,1980-10-01,89.8,84.7
1980,1980-11-01,90.9,85.6
1980,1980-12-01,91,86.4
1981,1981-01-01,91.4,87.2
1981,1981-02-01,91.2,88
1981,1981-03-01,90.3,88.6
1981,1981-04-01,91.8,89.1
1981,1981-05-01,94.2,89.7
1981,1981-06-01,94.8,90.5
1981,1981-07-01,95,91.5
1981,1981-08-01,94.7,92.2
1981,1981-09-01,94.4,93.1
1981,1981-10-01,95,93.4
1981,1981-11-01,96.4,93.8
1981,1981-12-01,97.2,94.1
1982,1982-01-01,97.4,94.4
1982,1982-02-01,96.5,94.7
1982,1982-03-01,95.9,94.7
1982,1982-04-01,96.7,95
1982,1982-05-01,97.5,95.9
1982,1982-06-01,97.8,97
1982,1982-07-01,98,97.5
1982,1982-08-01,98.1,97.7
1982,1982-09-01,97.6,97.7
1982,1982-10-01,97.5,98.1
1982,1982-11-01,98.1,98
1982,1982-12-01,98.6,97.7
1983,1983-01-01,99.1,97.9
1983,1983-02-01,99.3,98
1983,1983-03-01,99.2,98.1
1983,1983-04-01,99.2,98.8
1983,1983-05-01,99.4,99.2
1983,1983-06-01,99.4,99.4
1983,1983-07-01,99.3,99.8
1983,1983-08-01,99.7,100.1
1983,1983-09-01,99.9,100.4
1983,1983-10-01,100.6,100.8
1983,1983-11-01,101.5,101.1
1983,1983-12-01,101.9,101.4
1984,1984-01-01,102,102.1
1984,1984-02-01,102,102.6
1984,1984-03-01,102,102.9
1984,1984-04-01,102.1,103.3
1984,1984-05-01,102.2,103.5
1984,1984-06-01,102.3,103.7
1984,1984-07-01,102.4,104.1
1984,1984-08-01,102.4,104.4
1984,1984-09-01,102.5,104.7
1984,1984-10-01,103.2,105.1
1984,1984-11-01,104.1,105.3
1984,1984-12-01,104.4,105.5
1985,1985-01-01,105,105.7
1985,1985-02-01,105.4,106.3
1985,1985-03-01,105.5,106.8
1985,1985-04-01,105.6,107
1985,1985-05-01,105.7,107.2
1985,1985-06-01,105.8,107.5
1985,1985-07-01,105.8,107.7
1985,1985-08-01,105.7,107.9
1985,1985-09-01,105.7,108.1
1985,1985-10-01,106.5,108.5
1985,1985-11-01,107.7,109
1985,1985-12-01,108.2,109.5
1986,1986-01-01,108.4,109.9
1986,1986-02-01,108.7,109.7
1986,1986-03-01,108.6,109.1
1986,1986-04-01,109.1,108.7
1986,1986-05-01,109.9,109
1986,1986-06-01,110.5,109.4
1986,1986-07-01,110.8,109.5
1986,1986-08-01,110.8,109.6
1986,1986-09-01,110.6,110
1986,1986-10-01,111.9,110.2
1986,1986-11-01,113.6,110.4
1986,1986-12-01,114.3,110.8
1987,1987-01-01,114.7,111.4
1987,1987-02-01,113.5,111.8
1987,1987-03-01,113.1,112.2
1987,1987-04-01,113.5,112.7
1987,1987-05-01,113.8,113
1987,1987-06-01,114.1,113.5
1987,1987-07-01,114.4,113.8
1987,1987-08-01,114,114.3
1987,1987-09-01,113.8,114.7
1987,1987-10-01,115,115
1987,1987-11-01,116.3,115.4
1987,1987-12-01,116.4,115.6
1988,1988-01-01,116.1,116
1988,1988-02-01,116,116.2
1988,1988-03-01,115.7,116.5
1988,1988-04-01,115.6,117.2
1988,1988-05-01,115.9,117.5
1988,1988-06-01,116.1,118
1988,1988-07-01,116.1,118.5
1988,1988-08-01,115.9,119
1988,1988-09-01,116.2,119.5
1988,1988-10-01,117.2,119.9
1988,1988-11-01,118.4,120.3
1988,1988-12-01,119,120.7
1989,1989-01-01,119.4,121.2
1989,1989-02-01,119.5,121.6
1989,1989-03-01,119.4,122.2
1989,1989-04-01,119.2,123.1
1989,1989-05-01,119.2,123.7
1989,1989-06-01,118.9,124.1
1989,1989-07-01,118.5,124.5
1989,1989-08-01,117.7,124.5
1989,1989-09-01,117.1,124.8
1989,1989-10-01,118.5,125.4
1989,1989-11-01,120.6,125.9
1989,1989-12-01,121.9,126.3
1990,1990-01-01,122.4,127.5
1990,1990-02-01,122.2,128
1990,1990-03-01,121.6,128.6
1990,1990-04-01,121.1,128.9
1990,1990-05-01,121,129.1
1990,1990-06-01,120.6,129.9
1990,1990-07-01,120.2,130.5
1990,1990-08-01,119.9,131.6
1990,1990-09-01,119.6,132.5
1990,1990-10-01,121.1,133.4
1990,1990-11-01,122.8,133.7
1990,1990-12-01,124.3,134.2
1991,1991-01-01,125.3,134.7
1991,1991-02-01,125.9,134.8
1991,1991-03-01,126.1,134.8
1991,1991-04-01,125.9,135.1
1991,1991-05-01,125.9,135.6
1991,1991-06-01,125.8,136
1991,1991-07-01,125.6,136.2
1991,1991-08-01,125.1,136.6
1991,1991-09-01,124.8,137
1991,1991-10-01,125.8,137.2
1991,1991-11-01,127.3,137.8
1991,1991-12-01,128.3,138.2
1992,1992-01-01,128.7,138.3
1992,1992-02-01,128.9,138.6
1992,1992-03-01,129.1,139.1
1992,1992-04-01,129.1,139.4
1992,1992-05-01,129.2,139.7
1992,1992-06-01,129.1,140.1
1992,1992-07-01,128.6,140.5
1992,1992-08-01,128.5,140.8
1992,1992-09-01,128.3,141.1
1992,1992-10-01,129.1,141.7
1992,1992-11-01,130.6,142.1
1992,1992-12-01,131.3,142.3
1993,1993-01-01,131.8,142.8
1993,1993-02-01,132,143.1
1993,1993-03-01,132,143.3
1993,1993-04-01,132.2,143.8
1993,1993-05-01,132.4,144.2
1993,1993-06-01,132.2,144.3
1993,1993-07-01,132.2,144.5
1993,1993-08-01,132.2,144.8
1993,1993-09-01,132.1,145
1993,1993-10-01,133.4,145.6
1993,1993-11-01,134.8,146
1993,1993-12-01,135.6,146.3
1994,1994-01-01,136.1,146.3
1994,1994-02-01,136.5,146.7
1994,1994-03-01,136.8,147.1
1994,1994-04-01,136.9,147.2
1994,1994-05-01,137.2,147.5
1994,1994-06-01,137.4,147.9
1994,1994-07-01,137.4,148.4
1994,1994-08-01,137.3,149
1994,1994-09-01,137.5,149.3
1994,1994-10-01,138.4,149.4
1994,1994-11-01,139.4,149.8
1994,1994-12-01,140.1,150.1
1995,1995-01-01,140.6,150.5
1995,1995-02-01,140.7,150.9
1995,1995-03-01,140.7,151.2
1995,1995-04-01,141.1,151.8
1995,1995-05-01,141.1,152.1
1995,1995-06-01,141,152.4
1995,1995-07-01,140.3,152.6
1995,1995-08-01,140,152.9
1995,1995-09-01,140,153.1
1995,1995-10-01,140.9,153.5
1995,1995-11-01,142.2,153.7
1995,1995-12-01,142.8,153.9
1996,1996-01-01,143.2,154.7
1996,1996-02-01,143.5,155
1996,1996-03-01,143.6,155.5
1996,1996-04-01,143.5,156.1
1996,1996-05-01,143.4,156.4
1996,1996-06-01,143.5,156.7
1996,1996-07-01,143.2,157
1996,1996-08-01,142.9,157.2
1996,1996-09-01,143.2,157.7
1996,1996-10-01,143.8,158.2
1996,1996-11-01,144.8,158.7
1996,1996-12-01,145.4,159.1
1997,1997-01-01,145.4,159.4
1997,1997-02-01,145.4,159.7
1997,1997-03-01,145.4,159.8
1997,1997-04-01,145.2,159.9
1997,1997-05-01,144.6,159.9
1997,1997-06-01,144.2,160.2
1997,1997-07-01,143.7,160.4
1997,1997-08-01,143,160.8
1997,1997-09-01,142.7,161.2
1997,1997-10-01,143.3,161.5
1997,1997-11-01,144,161.7
1997,1997-12-01,144.1,161.8
1998,1998-01-01,144.4,162
1998,1998-02-01,144.4,162
1998,1998-03-01,144.4,162
1998,1998-04-01,144.3,162.2
1998,1998-05-01,143.3,162.6
1998,1998-06-01,142.6,162.8
1998,1998-07-01,142.7,163.2
1998,1998-08-01,142.8,163.4
1998,1998-09-01,142.3,163.5
1998,1998-10-01,142.5,163.9
1998,1998-11-01,143.5,164.1
1998,1998-12-01,144.1,164.4
1999,1999-01-01,144.4,164.7
1999,1999-02-01,143.8,164.7
1999,1999-03-01,143.4,164.8
1999,1999-04-01,143.3,165.9
1999,1999-05-01,142.9,166
1999,1999-06-01,142.5,166
1999,1999-07-01,142,166.7
1999,1999-08-01,141.4,167.1
1999,1999-09-01,141.6,167.8
1999,1999-10-01,142.3,168.1
1999,1999-11-01,143.1,168.4
1999,1999-12-01,143.6,168.8
2000,2000-01-01,143.3,169.3
2000,2000-02-01,143,170
2000,2000-03-01,143.3,171
2000,2000-04-01,143.5,170.9
2000,2000-05-01,143.3,171.2
2000,2000-06-01,142.9,172.2
2000,2000-07-01,142.5,172.7
2000,2000-08-01,141.9,172.7
2000,2000-09-01,141.4,173.6
2000,2000-10-01,141.6,173.9
2000,2000-11-01,142.7,174.2
2000,2000-12-01,143.6,174.6
2001,2001-01-01,143.7,175.6
2001,2001-02-01,143.3,176
2001,2001-03-01,142.8,176.1
2001,2001-04-01,142.7,176.4
2001,2001-05-01,142.3,177.3
2001,2001-06-01,141.7,177.7
2001,2001-07-01,141.2,177.4
2001,2001-08-01,140.3,177.4
2001,2001-09-01,140.2,178.1
2001,2001-10-01,141,177.6
2001,2001-11-01,142.6,177.5
2001,2001-12-01,143.5,177.4
2002,2002-01-01,142.7,177.7
2002,2002-02-01,141.2,178
2002,2002-03-01,140.7,178.5
2002,2002-04-01,140.4,179.3
2002,2002-05-01,139.8,179.5
2002,2002-06-01,139.2,179.6
2002,2002-07-01,138.7,180
2002,2002-08-01,138.1,180.5
2002,2002-09-01,138.7,180.8
2002,2002-10-01,139.5,181.2
2002,2002-11-01,140.4,181.5
2002,2002-12-01,140.6,181.8
2003,2003-01-01,139.7,182.6
2003,2003-02-01,139.2,183.6
2003,2003-03-01,139.3,183.9
2003,2003-04-01,138.7,183.2
2003,2003-05-01,138.1,182.9
2003,2003-06-01,137.3,183.1
2003,2003-07-01,136.7,183.7
2003,2003-08-01,136.8,184.5
2003,2003-09-01,136.4,185.1
2003,2003-10-01,136.5,184.9
2003,2003-11-01,137.5,185
2003,2003-12-01,138,185.5
2004,2004-01-01,138,186.3
2004,2004-02-01,138.3,186.7
2004,2004-03-01,137.9,187.1
2004,2004-04-01,137.6,187.4
2004,2004-05-01,137.4,188.2
2004,2004-06-01,137.2,188.9
2004,2004-07-01,135.9,189.1
2004,2004-08-01,134.9,189.2
2004,2004-09-01,134.9,189.8
2004,2004-10-01,135.9,190.8
2004,2004-11-01,137.9,191.7
2004,2004-12-01,138.8,191.7
2005,2005-01-01,139.8,191.6
2005,2005-02-01,139.9,192.4
2005,2005-03-01,139.1,193.1
2005,2005-04-01,138.8,193.7
2005,2005-05-01,138.7,193.6
2005,2005-06-01,138.1,193.7
2005,2005-07-01,136.3,194.9
2005,2005-08-01,135,196.1
2005,2005-09-01,135.8,198.8
2005,2005-10-01,137.1,199.1
2005,2005-11-01,138,198.1
2005,2005-12-01,138.3,198.1
2006,2006-01-01,139.3,199.3
2006,2006-02-01,139.3,199.4
2006,2006-03-01,138.8,199.7
2006,2006-04-01,138.4,200.7
2006,2006-05-01,137.7,201.3
2006,2006-06-01,137.2,201.8
2006,2006-07-01,136.9,202.9
2006,2006-08-01,136.4,203.8
2006,2006-09-01,136.3,202.8
2006,2006-10-01,136.8,201.9
2006,2006-11-01,136.8,202
2006,2006-12-01,137.1,203.1
2007,2007-01-01,137.603,203.437
2007,2007-02-01,137.34,204.226
2007,2007-03-01,137.228,205.288
2007,2007-04-01,136.963,205.904
2007,2007-05-01,136.295,206.755
2007,2007-06-01,135.82,207.234
2007,2007-07-01,135.415,207.603
2007,2007-08-01,135.204,207.667
2007,2007-09-01,134.927,208.547
2007,2007-10-01,135.344,209.19
2007,2007-11-01,136.25,210.834
2007,2007-12-01,136.664,211.445
2008,2008-01-01,136.827,212.174
2008,2008-02-01,136.279,212.687
2008,2008-03-01,135.727,213.448
2008,2008-04-01,135.175,213.942
2008,2008-05-01,134.669,215.208
2008,2008-06-01,134.516,217.463
2008,2008-07-01,134.397,219.016
2008,2008-08-01,133.404,218.69
2008,2008-09-01,132.399,218.877
2008,2008-10-01,132.264,216.995
2008,2008-11-01,132.359,213.153
2008,2008-12-01,132.308,211.398
2009,2009-01-01,133.273,211.933
2009,2009-02-01,134.186,212.705
2009,2009-03-01,134.611,212.495
2009,2009-04-01,134.863,212.709
2009,2009-05-01,135.162,213.022
2009,2009-06-01,135.719,214.79
2009,2009-07-01,136.055,214.726
2009,2009-08-01,134.08,215.445
2009,2009-09-01,134.576,215.861
2009,2009-10-01,137.268,216.509
2009,2009-11-01,138.831,217.234
2009,2009-12-01,138.857,217.347
2010,2010-01-01,138.743,217.488
2010,2010-02-01,138.851,217.281
2010,2010-03-01,138.6,217.353
2010,2010-04-01,138.174,217.403
2010,2010-05-01,137.75,217.29
2010,2010-06-01,137.503,217.199
2010,2010-07-01,137.323,217.605
2010,2010-08-01,137.119,217.923
2010,2010-09-01,137.365,218.275
2010,2010-10-01,137.849,219.035
2010,2010-11-01,138.222,219.59
2010,2010-12-01,138.567,220.472
2011,2011-01-01,138.925,221.187
2011,2011-02-01,140.158,221.898
2011,2011-03-01,140.86,223.046
2011,2011-04-01,141.462,224.093
2011,2011-05-01,142.494,224.806
2011,2011-06-01,143.054,224.806
2011,2011-07-01,142.763,225.395
2011,2011-08-01,142.327,226.106
2011,2011-09-01,142.334,226.597
2011,2011-10-01,142.535,226.75
2011,2011-11-01,142.736,227.169
2011,2011-12-01,142.953,227.223
2012,2012-01-01,143.438,227.842
2012,2012-02-01,144.326,228.329
2012,2012-03-01,144.35,228.807
2012,2012-04-01,144.522,229.187
2012,2012-05-01,144.401,228.713
2012,2012-06-01,144.367,228.524
2012,2012-07-01,143.953,228.59
2012,2012-08-01,143.749,229.918
2012,2012-09-01,143.725,231.015
2012,2012-10-01,144.011,231.638
2012,2012-11-01,144.762,231.249
2012,2012-12-01,145.181,231.221
2013,2013-01-01,145.871,231.679
2013,2013-02-01,145.925,232.937
2013,2013-03-01,145.989,232.282
2013,2013-04-01,146.188,231.797
2013,2013-05-01,145.955,231.893
2013,2013-06-01,146.076,232.445
2013,2013-07-01,145.726,232.9
2013,2013-08-01,145.316,233.456
2013,2013-09-01,145.457,233.544
2013,2013-10-01,145.488,233.669
2013,2013-11-01,145.643,234.1
2013,2013-12-01,145.766,234.719
2014,2014-01-01,145.88,235.288
2014,2014-02-01,146.421,235.547
2014,2014-03-01,146.348,236.028
2014,2014-04-01,146.724,236.468
2014,2014-05-01,146.708,236.918
2014,2014-06-01,146.067,237.231
2014,2014-07-01,146.086,237.498
2014,2014-08-01,145.873,237.46
2014,2014-09-01,145.88,237.477
2014,2014-10-01,146.306,237.43
2014,2014-11-01,146.481,236.983
2014,2014-12-01,146.524,236.252
2015,2015-01-01,146.558,234.747
2015,2015-02-01,147.345,235.342
2015,2015-03-01,147.574,235.976
2015,2015-04-01,147.844,236.222
2015,2015-05-01,147.889,237.001
2015,2015-06-01,147.845,237.657
2015,2015-07-01,147.154,238.034
2015,2015-08-01,146.704,238.033
2015,2015-09-01,146.57,237.498
2015,2015-10-01,146.516,237.733
2015,2015-11-01,146.804,238.017
2015,2015-12-01,146.817,237.761
2016,2016-01-01,147.456,237.652
2016,2016-02-01,148.268,237.336
2016,2016-03-01,148.227,238.08
2016,2016-04-01,147.895,238.992
2016,2016-05-01,147.646,239.557
2016,2016-06-01,147.245,240.222
2016,2016-07-01,147.119,240.101
2016,2016-08-01,146.713,240.545
2016,2016-09-01,146.499,241.176
2016,2016-10-01,146.896,241.741
2016,2016-11-01,147.027,242.026
2016,2016-12-01,147.299,242.637
2017,2017-01-01,148.848,243.618
2017,2017-02-01,148.993,244.006
2017,2017-03-01,148.543,243.892
2017,2017-04-01,148.457,244.193
2017,2017-05-01,148.033,244.004
2017,2017-06-01,147.262,244.163
2017,2017-07-01,146.19,244.243
2017,2017-08-01,145.712,245.183
2017,2017-09-01,145.037,246.435
2017,2017-10-01,144.868,246.626
2017,2017-11-01,145.442,247.284
2017,2017-12-01,146.522,247.805
2018,2018-01-01,146.996,248.859
2018,2018-02-01,146.807,249.529
2018,2018-03-01,146.727,249.577
2018,2018-04-01,146.069,250.227
2018,2018-05-01,146.349,250.792
2018,2018-06-01,146.562,251.018
2018,2018-07-01,146.526,251.214
2018,2018-08-01,146.149,251.663
2018,2018-09-01,145.715,252.182
2018,2018-10-01,145.588,252.772
2018,2018-11-01,145.826,252.594
2018,2018-12-01,146.126,252.767
2019,2019-01-01,147.059,252.561
2019,2019-02-01,147.226,253.319
2019,2019-03-01,147.788,254.277
2019,2019-04-01,147.84,255.233
2019,2019-05-01,147.659,255.296
2019,2019-06-01,147.417,255.213
2019,2019-07-01,147.035,255.802
2019,2019-08-01,146.456,256.036
2019,2019-09-01,145.854,256.43
2019,2019-10-01,145.726,257.155
2019,2019-11-01,145.728,257.879
2019,2019-12-01,146.22,258.63
2020,2020-01-01,147.253,259.127
2020,2020-02-01,147.803,259.25
2020,2020-03-01,147.124,258.076
2020,2020-04-01,147.007,256.032
2020,2020-05-01,147.222,255.802
2020,2020-06-01,147.108,257.042
2020,2020-07-01,147.803,258.352
2020,2020-08-01,147.412,259.316
2020,2020-09-01,147.361,259.997
2020,2020-10-01,147.956,260.319
2020,2020-11-01,148.063,260.911
2020,2020-12-01,149.091,262.045
2021,2021-01-01,149.377,262.639
2021,2021-02-01,149.515,263.573
2021,2021-03-01,149.321,264.847
2021,2021-04-01,149.892,266.625
2021,2021-05-01,152.143,268.404
2021,2021-06-01,154.847,270.71
2021,2021-07-01,157.203,271.965
2021,2021-08-01,158.652,272.752
2021,2021-09-01,160.244,273.942
2021,2021-10-01,162.527,276.528
2021,2021-11-01,164.511,278.824
2021,2021-12-01,166.653,280.806
2022,2022-01-01,167.582,282.542
2022,2022-02-01,168.027,284.525
2022,2022-03-01,168.056,287.467
2022,2022-04-01,169.699,288.582
2022,2022-05-01,171.35,291.299
2022,2022-06-01,172.546,295.072
2022,2022-07-01,173.618,294.94
2022,2022-08-01,174.598,295.162
2022,2022-09-01,175.312,296.421
2022,2022-10-01,176.157,297.979
2022,2022-11-01,176.354,298.708
2022,2022-12-01,176.463,298.808
2023,2023-01-01,177.276,300.456
2023,2023-02-01,177.817,301.476
2023,2023-03-01,178.342,301.643
2023,2023-04-01,178.892,302.858
2023,2023-05-01,179.329,303.316
2023,2023-06-01,179.577,304.099
2023,2023-07-01,179.696,304.615
2023,2023-08-01,179.691,306.138
2023,2023-09-01,179.75,307.374
2023,2023-10-01,179.446,307.653
2023,2023-11-01,178.7,308.087
2023,2023-12-01,178.269,308.735
2024,2024-01-01,178.595,309.794
2024,2024-02-01,178.592,311.022
2024,2024-03-01,178.247,312.107
2024,2024-04-01,178.25,313.016
2024,2024-05-01,177.958,313.14
2024,2024-06-01,178.001,313.131
2024,2024-07-01,177.84,313.566
2024,2024-08-01,177.534,314.131
2024,2024-09-01,177.435,314.851
2024,2024-10-01,177.162,315.564
2024,2024-11-01,177.472,316.449
2024,2024-12-01,177.552,317.603
2025,2025-01-01,178.008,319.086
2025,2025-02-01,178.038,319.775
2025,2025-03-01,178.168,319.615
2025,2025-04-01,178.795,320.321
2025,2025-05-01,178.728,320.58
2025,2025-06-01,178.443,321.5
2025,2025-07-01,178.569,322.132
2025,2025-08-01,178.698,323.364
2025,2025-09-01,178.77,324.368
